{"stats":{"minecraft:used":{"minecraft:ender_eye":10,"betterend:chorus_grass":14,"minecraft:bread":1},"minecraft:picked_up":{"minecraft:bread":3,"minecraft:spruce_log":1},"minecraft:custom":{"minecraft:jump":112,"minecraft:open_chest":5,"minecraft:time_since_rest":754,"minecraft:deaths":1,"minecraft:damage_dealt":10,"minecraft:crouch_one_cm":173,"minecraft:leave_game":5,"minecraft:play_time":12142,"minecraft:sprint_one_cm":5582,"minecraft:time_since_death":733,"minecraft:walk_on_water_one_cm":13,"minecraft:walk_one_cm":17427,"minecraft:sneak_time":305,"minecraft:total_world_time":12142,"minecraft:walk_under_water_one_cm":4916,"minecraft:drop":4,"minecraft:fly_one_cm":137708},"minecraft:dropped":{"minecraft:bread":3,"minecraft:spruce_log":1}},"DataVersion":3953}