{"stats":{"minecraft:used":{"minecraft:ender_eye":10,"minecraft:rose_bush":3,"betterend:chorus_grass":14,"minecraft:bread":1},"minecraft:picked_up":{"minecraft:rose_bush":4,"minecraft:bread":3,"minecraft:spruce_log":1},"minecraft:mined":{"minecraft:short_grass":10,"minecraft:rose_bush":3},"minecraft:custom":{"minecraft:time_since_rest":24320,"minecraft:open_chest":5,"minecraft:crouch_one_cm":173,"minecraft:sprint_one_cm":16001,"minecraft:play_time":35708,"minecraft:deaths":1,"minecraft:walk_one_cm":64336,"minecraft:sneak_time":305,"minecraft:walk_under_water_one_cm":4916,"minecraft:drop":5,"minecraft:jump":357,"minecraft:damage_dealt":10,"minecraft:leave_game":6,"minecraft:walk_on_water_one_cm":13,"minecraft:time_since_death":24299,"minecraft:total_world_time":35708,"minecraft:fall_one_cm":11115,"minecraft:fly_one_cm":159876},"minecraft:dropped":{"minecraft:bread":3,"minecraft:spruce_log":1,"minecraft:rose_bush":1}},"DataVersion":3953}